ď»żIter,Î¸_p,Î¸_r,Start,Overhead %,COâ‚‚ Save %,Score,Pauses,Budget,Stop
0,10,0,01-01,+200.0%,+82.97%,0.9148,1,âś— No,budget_exceeded
0,10,10,01-01,+200.0%,+82.97%,0.9148,1,âś— No,budget_exceeded
0,98,0,01-01,+200.0%,+82.97%,0.9148,1,âś— No,budget_exceeded
0,98,98,01-01,+200.0%,+82.97%,0.9148,1,âś— No,budget_exceeded
0,186,0,01-01,+200.0%,+82.97%,0.9148,1,âś— No,budget_exceeded
0,186,186,01-01,+200.0%,+82.97%,0.9148,1,âś— No,budget_exceeded
0,273,0,01-01,+200.0%,+82.97%,0.9148,1,âś— No,budget_exceeded
0,273,137,01-01,+200.0%,+82.97%,0.9148,1,âś— No,budget_exceeded
0,273,273,01-01,+200.0%,+82.76%,0.9138,22,âś— No,budget_exceeded
0,361,0,01-01,+200.0%,+82.97%,0.9148,1,âś— No,budget_exceeded
0,361,90,01-01,+200.0%,+82.97%,0.9148,1,âś— No,budget_exceeded
0,361,181,01-01,+200.0%,+82.97%,0.9148,1,âś— No,budget_exceeded
0,361,271,01-01,+200.0%,+82.53%,0.9127,10,âś— No,budget_exceeded
0,361,361,01-01,+200.0%,+53.34%,0.7667,585,âś— No,budget_exceeded
0,449,0,01-01,+200.0%,+82.54%,0.9127,1,âś— No,budget_exceeded
0,449,90,01-01,+200.0%,+82.54%,0.9127,1,âś— No,budget_exceeded
0,449,180,01-01,+200.0%,+82.54%,0.9127,1,âś— No,budget_exceeded
0,449,269,01-01,+200.0%,+37.10%,0.6855,4,âś— No,budget_exceeded
0,449,359,01-01,+138.8%,-3.87%,0.4806,59,âś“ Yes,completed
0,449,449,01-01,+27.6%,+1.56%,0.5078,411,âś“ Yes,completed
0,537,0,01-01,+0.0%,+0.00%,0.5000,0,âś“ Yes,completed
0,537,89,01-01,+0.0%,+0.00%,0.5000,0,âś“ Yes,completed
0,537,179,01-01,+0.0%,+0.00%,0.5000,0,âś“ Yes,completed
0,537,268,01-01,+0.0%,+0.00%,0.5000,0,âś“ Yes,completed
0,537,358,01-01,+0.0%,+0.00%,0.5000,0,âś“ Yes,completed
0,537,447,01-01,+0.0%,+0.00%,0.5000,0,âś“ Yes,completed
0,537,537,01-01,+0.0%,+0.00%,0.5000,0,âś“ Yes,completed
0,624,0,01-01,+0.0%,+0.00%,0.5000,0,âś“ Yes,completed
0,624,89,01-01,+0.0%,+0.00%,0.5000,0,âś“ Yes,completed
0,624,178,01-01,+0.0%,+0.00%,0.5000,0,âś“ Yes,completed
0,624,268,01-01,+0.0%,+0.00%,0.5000,0,âś“ Yes,completed
0,624,357,01-01,+0.0%,+0.00%,0.5000,0,âś“ Yes,completed
0,624,446,01-01,+0.0%,+0.00%,0.5000,0,âś“ Yes,completed
0,624,535,01-01,+0.0%,+0.00%,0.5000,0,âś“ Yes,completed
0,624,624,01-01,+0.0%,+0.00%,0.5000,0,âś“ Yes,completed
0,712,0,01-01,+0.0%,+0.00%,0.5000,0,âś“ Yes,completed
0,712,89,01-01,+0.0%,+0.00%,0.5000,0,âś“ Yes,completed
0,712,178,01-01,+0.0%,+0.00%,0.5000,0,âś“ Yes,completed
0,712,267,01-01,+0.0%,+0.00%,0.5000,0,âś“ Yes,completed
0,712,356,01-01,+0.0%,+0.00%,0.5000,0,âś“ Yes,completed
0,712,445,01-01,+0.0%,+0.00%,0.5000,0,âś“ Yes,completed
0,712,534,01-01,+0.0%,+0.00%,0.5000,0,âś“ Yes,completed
0,712,623,01-01,+0.0%,+0.00%,0.5000,0,âś“ Yes,completed
0,712,712,01-01,+0.0%,+0.00%,0.5000,0,âś“ Yes,completed
0,800,0,01-01,+0.0%,+0.00%,0.5000,0,âś“ Yes,completed
0,800,89,01-01,+0.0%,+0.00%,0.5000,0,âś“ Yes,completed
0,800,178,01-01,+0.0%,+0.00%,0.5000,0,âś“ Yes,completed
0,800,267,01-01,+0.0%,+0.00%,0.5000,0,âś“ Yes,completed
0,800,356,01-01,+0.0%,+0.00%,0.5000,0,âś“ Yes,completed
0,800,444,01-01,+0.0%,+0.00%,0.5000,0,âś“ Yes,completed
0,800,533,01-01,+0.0%,+0.00%,0.5000,0,âś“ Yes,completed
0,800,622,01-01,+0.0%,+0.00%,0.5000,0,âś“ Yes,completed
0,800,711,01-01,+0.0%,+0.00%,0.5000,0,âś“ Yes,completed
0,800,800,01-01,+0.0%,+0.00%,0.5000,0,âś“ Yes,completed
1,271,271,01-01,+200.0%,+82.84%,0.9142,10,âś— No,budget_exceeded
1,271,271,01-01,+200.0%,+82.84%,0.9142,10,âś— No,budget_exceeded
1,311,271,01-01,+200.0%,+82.65%,0.9132,10,âś— No,budget_exceeded
1,311,311,01-01,+200.0%,+79.57%,0.8979,113,âś— No,budget_exceeded
1,350,271,01-01,+200.0%,+82.55%,0.9128,10,âś— No,budget_exceeded
1,350,350,01-01,+200.0%,+64.05%,0.8203,475,âś— No,budget_exceeded
1,390,271,01-01,+200.0%,+80.37%,0.9019,7,âś— No,budget_exceeded
1,390,330,01-01,+200.0%,+59.22%,0.7961,146,âś— No,budget_exceeded
1,390,390,01-01,+200.0%,+0.85%,0.5043,975,âś— No,budget_exceeded
1,429,271,01-01,+200.0%,+70.75%,0.8537,7,âś— No,budget_exceeded
1,429,324,01-01,+200.0%,+16.43%,0.5822,58,âś— No,budget_exceeded
1,429,376,01-01,+149.3%,-3.86%,0.4807,205,âś“ Yes,completed
1,429,429,01-01,+60.9%,+0.58%,0.5029,600,âś“ Yes,completed
1,469,271,01-01,+200.0%,+5.42%,0.5271,5,âś— No,budget_exceeded
1,469,311,01-01,+94.5%,-1.10%,0.4945,10,âś“ Yes,completed
1,469,350,01-01,+82.0%,-0.86%,0.4957,19,âś“ Yes,completed
1,469,390,01-01,+48.8%,+0.36%,0.5018,37,âś“ Yes,completed
1,469,429,01-01,+22.6%,+1.87%,0.5093,81,âś“ Yes,completed
1,469,469,01-01,+9.1%,+1.59%,0.5079,171,âś“ Yes,completed
1,508,271,01-01,+32.4%,-2.41%,0.4880,2,âś“ Yes,completed
1,508,311,01-01,+14.5%,+1.06%,0.5053,4,âś“ Yes,completed
1,508,350,01-01,+11.2%,+1.14%,0.5057,6,âś“ Yes,completed
1,508,390,01-01,+6.4%,+0.90%,0.5045,8,âś“ Yes,completed
1,508,429,01-01,+3.2%,+0.48%,0.5024,10,âś“ Yes,completed
1,508,469,01-01,+0.8%,+0.16%,0.5008,10,âś“ Yes,completed
1,508,508,01-01,+0.4%,+0.08%,0.5004,14,âś“ Yes,completed
1,548,271,01-01,+0.0%,+0.00%,0.5000,0,âś“ Yes,completed
1,548,311,01-01,+0.0%,+0.00%,0.5000,0,âś“ Yes,completed
1,548,350,01-01,+0.0%,+0.00%,0.5000,0,âś“ Yes,completed
1,548,390,01-01,+0.0%,+0.00%,0.5000,0,âś“ Yes,completed
1,548,429,01-01,+0.0%,+0.00%,0.5000,0,âś“ Yes,completed
1,548,469,01-01,+0.0%,+0.00%,0.5000,0,âś“ Yes,completed
1,548,508,01-01,+0.0%,+0.00%,0.5000,0,âś“ Yes,completed
1,548,548,01-01,+0.0%,+0.00%,0.5000,0,âś“ Yes,completed
1,587,271,01-01,+0.0%,+0.00%,0.5000,0,âś“ Yes,completed
1,587,311,01-01,+0.0%,+0.00%,0.5000,0,âś“ Yes,completed
1,587,350,01-01,+0.0%,+0.00%,0.5000,0,âś“ Yes,completed
1,587,390,01-01,+0.0%,+0.00%,0.5000,0,âś“ Yes,completed
1,587,429,01-01,+0.0%,+0.00%,0.5000,0,âś“ Yes,completed
1,587,469,01-01,+0.0%,+0.00%,0.5000,0,âś“ Yes,completed
1,587,508,01-01,+0.0%,+0.00%,0.5000,0,âś“ Yes,completed
1,587,548,01-01,+0.0%,+0.00%,0.5000,0,âś“ Yes,completed
1,587,587,01-01,+0.0%,+0.00%,0.5000,0,âś“ Yes,completed
1,627,271,01-01,+0.0%,+0.00%,0.5000,0,âś“ Yes,completed
1,627,311,01-01,+0.0%,+0.00%,0.5000,0,âś“ Yes,completed
1,627,350,01-01,+0.0%,+0.00%,0.5000,0,âś“ Yes,completed
1,627,390,01-01,+0.0%,+0.00%,0.5000,0,âś“ Yes,completed
1,627,429,01-01,+0.0%,+0.00%,0.5000,0,âś“ Yes,completed
1,627,469,01-01,+0.0%,+0.00%,0.5000,0,âś“ Yes,completed
1,627,508,01-01,+0.0%,+0.00%,0.5000,0,âś“ Yes,completed
1,627,548,01-01,+0.0%,+0.00%,0.5000,0,âś“ Yes,completed
1,627,587,01-01,+0.0%,+0.00%,0.5000,0,âś“ Yes,completed
1,627,627,01-01,+0.0%,+0.00%,0.5000,0,âś“ Yes,completed
2,389,349,01-01,+200.0%,+49.48%,0.7474,280,âś— No,budget_exceeded
2,389,389,01-01,+200.0%,+2.51%,0.5125,967,âś— No,budget_exceeded
2,406,349,01-01,+200.0%,+32.99%,0.6649,216,âś— No,budget_exceeded
2,406,368,01-01,+200.0%,+5.54%,0.5277,378,âś— No,budget_exceeded
2,406,387,01-01,+167.0%,-3.61%,0.4819,528,âś“ Yes,completed
2,406,406,01-01,+128.6%,-2.01%,0.4899,820,âś“ Yes,completed
2,424,349,01-01,+200.0%,-2.82%,0.4859,130,âś— No,budget_exceeded
2,424,368,01-01,+165.1%,-4.21%,0.4790,205,âś“ Yes,completed
2,424,387,01-01,+138.6%,-2.93%,0.4853,297,âś“ Yes,completed
2,424,405,01-01,+89.7%,+0.50%,0.5025,366,âś“ Yes,completed
2,424,424,01-01,+75.3%,-0.16%,0.4992,662,âś“ Yes,completed
2,442,349,01-01,+160.4%,-4.99%,0.4751,59,âś“ Yes,completed
2,442,368,01-01,+128.6%,-2.88%,0.4856,101,âś“ Yes,completed
2,442,386,01-01,+88.3%,+0.08%,0.5004,130,âś“ Yes,completed
2,442,405,01-01,+75.4%,-0.30%,0.4985,219,âś“ Yes,completed
2,442,423,01-01,+55.4%,+0.64%,0.5032,278,âś“ Yes,completed
2,442,442,01-01,+40.9%,+0.83%,0.5042,535,âś“ Yes,completed
2,460,349,01-01,+116.6%,-2.55%,0.4872,28,âś“ Yes,completed
2,460,368,01-01,+82.8%,-0.69%,0.4965,47,âś“ Yes,completed
2,460,386,01-01,+73.5%,-0.87%,0.4957,74,âś“ Yes,completed
2,460,404,01-01,+49.8%,+0.57%,0.5029,99,âś“ Yes,completed
2,460,423,01-01,+40.7%,+0.73%,0.5036,138,âś“ Yes,completed
2,460,441,01-01,+22.7%,+1.97%,0.5098,175,âś“ Yes,completed
2,460,460,01-01,+14.2%,+2.18%,0.5109,267,âś“ Yes,completed
2,478,349,01-01,+78.2%,-1.29%,0.4936,16,âś“ Yes,completed
2,478,367,01-01,+56.8%,-0.45%,0.4978,22,âś“ Yes,completed
2,478,386,01-01,+45.0%,+0.19%,0.5010,24,âś“ Yes,completed
2,478,404,01-01,+32.3%,+0.88%,0.5044,28,âś“ Yes,completed
2,478,423,01-01,+18.0%,+2.06%,0.5103,30,âś“ Yes,completed
2,478,441,01-01,+12.4%,+2.00%,0.5100,52,âś“ Yes,completed
2,478,459,01-01,+8.4%,+1.53%,0.5077,81,âś“ Yes,completed
2,478,478,01-01,+5.9%,+1.17%,0.5058,140,âś“ Yes,completed
2,495,349,01-01,+49.9%,-0.63%,0.4969,10,âś“ Yes,completed
2,495,367,01-01,+37.4%,-0.03%,0.4999,14,âś“ Yes,completed
2,495,386,01-01,+19.0%,+1.71%,0.5086,12,âś“ Yes,completed
2,495,404,01-01,+14.6%,+1.86%,0.5093,14,âś“ Yes,completed
2,495,422,01-01,+8.9%,+1.37%,0.5069,15,âś“ Yes,completed
2,495,440,01-01,+6.1%,+1.12%,0.5056,19,âś“ Yes,completed
2,495,459,01-01,+3.1%,+0.58%,0.5029,26,âś“ Yes,completed
2,495,477,01-01,+2.4%,+0.45%,0.5022,27,âś“ Yes,completed
2,495,495,01-01,+1.8%,+0.32%,0.5016,37,âś“ Yes,completed
2,513,349,01-01,+10.7%,+1.13%,0.5056,2,âś“ Yes,completed
2,513,367,01-01,+6.9%,+0.83%,0.5041,4,âś“ Yes,completed
2,513,386,01-01,+4.3%,+0.63%,0.5031,4,âś“ Yes,completed
2,513,404,01-01,+3.4%,+0.51%,0.5025,4,âś“ Yes,completed
2,513,422,01-01,+3.4%,+0.50%,0.5025,4,âś“ Yes,completed
2,513,440,01-01,+1.7%,+0.23%,0.5012,4,âś“ Yes,completed
2,513,458,01-01,+0.4%,+0.07%,0.5004,4,âś“ Yes,completed
2,513,477,01-01,+0.3%,+0.06%,0.5003,4,âś“ Yes,completed
2,513,495,01-01,+0.2%,+0.04%,0.5002,4,âś“ Yes,completed
2,513,513,01-01,+0.2%,+0.03%,0.5001,4,âś“ Yes,completed
2,531,349,01-01,+0.0%,+0.00%,0.5000,0,âś“ Yes,completed
2,531,367,01-01,+0.0%,+0.00%,0.5000,0,âś“ Yes,completed
2,531,385,01-01,+0.0%,+0.00%,0.5000,0,âś“ Yes,completed
2,531,404,01-01,+0.0%,+0.00%,0.5000,0,âś“ Yes,completed
2,531,422,01-01,+0.0%,+0.00%,0.5000,0,âś“ Yes,completed
2,531,440,01-01,+0.0%,+0.00%,0.5000,0,âś“ Yes,completed
2,531,458,01-01,+0.0%,+0.00%,0.5000,0,âś“ Yes,completed
2,531,476,01-01,+0.0%,+0.00%,0.5000,0,âś“ Yes,completed
2,531,495,01-01,+0.0%,+0.00%,0.5000,0,âś“ Yes,completed
2,531,513,01-01,+0.0%,+0.00%,0.5000,0,âś“ Yes,completed
2,531,531,01-01,+0.0%,+0.00%,0.5000,0,âś“ Yes,completed
2,549,349,01-01,+0.0%,+0.00%,0.5000,0,âś“ Yes,completed
2,549,367,01-01,+0.0%,+0.00%,0.5000,0,âś“ Yes,completed
2,549,385,01-01,+0.0%,+0.00%,0.5000,0,âś“ Yes,completed
2,549,404,01-01,+0.0%,+0.00%,0.5000,0,âś“ Yes,completed
2,549,422,01-01,+0.0%,+0.00%,0.5000,0,âś“ Yes,completed
2,549,440,01-01,+0.0%,+0.00%,0.5000,0,âś“ Yes,completed
2,549,458,01-01,+0.0%,+0.00%,0.5000,0,âś“ Yes,completed
2,549,476,01-01,+0.0%,+0.00%,0.5000,0,âś“ Yes,completed
2,549,494,01-01,+0.0%,+0.00%,0.5000,0,âś“ Yes,completed
2,549,512,01-01,+0.0%,+0.00%,0.5000,0,âś“ Yes,completed
2,549,531,01-01,+0.0%,+0.00%,0.5000,0,âś“ Yes,completed
2,549,549,01-01,+0.0%,+0.00%,0.5000,0,âś“ Yes,completed
3,424,424,01-01,+76.6%,-0.11%,0.4994,635,âś“ Yes,completed
3,424,424,01-01,+76.6%,-0.11%,0.4994,635,âś“ Yes,completed
3,432,424,01-01,+68.8%,+0.10%,0.5005,427,âś“ Yes,completed
3,432,432,01-01,+58.0%,+0.47%,0.5024,606,âś“ Yes,completed
3,440,424,01-01,+57.8%,+0.51%,0.5025,317,âś“ Yes,completed
3,440,440,01-01,+44.1%,+0.80%,0.5040,495,âś“ Yes,completed
3,448,424,01-01,+49.8%,+0.88%,0.5044,228,âś“ Yes,completed
3,448,436,01-01,+40.5%,+0.90%,0.5045,296,âś“ Yes,completed
3,448,448,01-01,+28.8%,+1.52%,0.5076,415,âś“ Yes,completed
3,456,424,01-01,+42.9%,+0.69%,0.5035,170,âś“ Yes,completed
3,456,434,01-01,+33.1%,+1.20%,0.5060,197,âś“ Yes,completed
3,456,445,01-01,+22.3%,+2.01%,0.5100,205,âś“ Yes,completed
3,456,456,01-01,+17.0%,+2.24%,0.5112,271,âś“ Yes,completed
3,464,424,01-01,+34.6%,+0.99%,0.5050,101,âś“ Yes,completed
3,464,432,01-01,+27.9%,+1.49%,0.5074,122,âś“ Yes,completed
3,464,440,01-01,+19.8%,+2.17%,0.5108,131,âś“ Yes,completed
3,464,448,01-01,+16.5%,+2.24%,0.5112,144,âś“ Yes,completed
3,464,456,01-01,+14.1%,+2.20%,0.5110,165,âś“ Yes,completed
3,464,464,01-01,+11.6%,+1.94%,0.5097,223,âś“ Yes,completed
3,472,424,01-01,+24.7%,+1.65%,0.5083,44,âś“ Yes,completed
3,472,432,01-01,+17.5%,+2.15%,0.5107,56,âś“ Yes,completed
3,472,440,01-01,+15.1%,+2.16%,0.5108,73,âś“ Yes,completed
3,472,448,01-01,+13.1%,+2.08%,0.5104,84,âś“ Yes,completed
3,472,456,01-01,+11.1%,+1.91%,0.5095,102,âś“ Yes,completed
3,472,464,01-01,+9.2%,+1.63%,0.5082,118,âś“ Yes,completed
3,472,472,01-01,+8.0%,+1.49%,0.5074,160,âś“ Yes,completed
3,480,424,01-01,+16.5%,+2.07%,0.5103,26,âś“ Yes,completed
3,480,432,01-01,+14.0%,+2.05%,0.5103,32,âś“ Yes,completed
3,480,440,01-01,+11.7%,+1.90%,0.5095,42,âś“ Yes,completed
3,480,448,01-01,+10.2%,+1.70%,0.5085,49,âś“ Yes,completed
3,480,456,01-01,+8.6%,+1.53%,0.5077,66,âś“ Yes,completed
3,480,464,01-01,+7.3%,+1.41%,0.5070,73,âś“ Yes,completed
3,480,472,01-01,+6.5%,+1.32%,0.5066,78,âś“ Yes,completed
3,480,480,01-01,+5.2%,+1.06%,0.5053,128,âś“ Yes,completed
3,488,424,01-01,+13.2%,+1.90%,0.5095,23,âś“ Yes,completed
3,488,432,01-01,+11.3%,+1.77%,0.5089,24,âś“ Yes,completed
3,488,440,01-01,+9.2%,+1.51%,0.5076,28,âś“ Yes,completed
3,488,448,01-01,+7.6%,+1.37%,0.5069,35,âś“ Yes,completed
3,488,456,01-01,+5.7%,+1.11%,0.5056,43,âś“ Yes,completed
3,488,464,01-01,+4.9%,+1.01%,0.5051,47,âś“ Yes,completed
3,488,472,01-01,+4.4%,+0.92%,0.5046,49,âś“ Yes,completed
3,488,480,01-01,+3.8%,+0.78%,0.5039,54,âś“ Yes,completed
3,488,488,01-01,+3.1%,+0.61%,0.5030,80,âś“ Yes,completed
3,496,424,01-01,+8.4%,+1.34%,0.5067,17,âś“ Yes,completed
3,496,432,01-01,+7.7%,+1.30%,0.5065,17,âś“ Yes,completed
3,496,440,01-01,+6.3%,+1.16%,0.5058,17,âś“ Yes,completed
3,496,448,01-01,+5.2%,+1.00%,0.5050,20,âś“ Yes,completed
3,496,456,01-01,+3.3%,+0.63%,0.5031,25,âś“ Yes,completed
3,496,464,01-01,+2.7%,+0.48%,0.5024,27,âś“ Yes,completed
3,496,472,01-01,+2.5%,+0.46%,0.5023,27,âś“ Yes,completed
3,496,480,01-01,+2.3%,+0.43%,0.5021,27,âś“ Yes,completed
3,496,488,01-01,+2.1%,+0.40%,0.5020,28,âś“ Yes,completed
3,496,496,01-01,+1.8%,+0.32%,0.5016,37,âś“ Yes,completed
4,448,432,01-01,+44.4%,+0.83%,0.5041,270,âś“ Yes,completed
4,448,436,01-01,+40.5%,+0.90%,0.5045,296,âś“ Yes,completed
4,448,440,01-01,+36.6%,+1.18%,0.5059,295,âś“ Yes,completed
4,448,444,01-01,+33.5%,+1.23%,0.5061,321,âś“ Yes,completed
4,448,448,01-01,+28.8%,+1.52%,0.5076,415,âś“ Yes,completed
4,451,432,01-01,+40.7%,+0.86%,0.5043,238,âś“ Yes,completed
4,451,435,01-01,+35.9%,+1.15%,0.5058,249,âś“ Yes,completed
4,451,439,01-01,+33.1%,+1.23%,0.5062,260,âś“ Yes,completed
4,451,443,01-01,+28.8%,+1.56%,0.5078,264,âś“ Yes,completed
4,451,447,01-01,+24.8%,+1.82%,0.5091,267,âś“ Yes,completed
4,451,451,01-01,+21.1%,+2.08%,0.5104,345,âś“ Yes,completed
4,455,432,01-01,+36.2%,+1.11%,0.5056,192,âś“ Yes,completed
4,455,435,01-01,+32.8%,+1.22%,0.5061,211,âś“ Yes,completed
4,455,439,01-01,+28.6%,+1.55%,0.5077,214,âś“ Yes,completed
4,455,443,01-01,+25.1%,+1.80%,0.5090,221,âś“ Yes,completed
4,455,447,01-01,+21.1%,+2.12%,0.5106,216,âś“ Yes,completed
4,455,451,01-01,+19.3%,+2.24%,0.5112,223,âś“ Yes,completed
4,455,455,01-01,+17.6%,+2.23%,0.5111,284,âś“ Yes,completed
4,458,432,01-01,+33.9%,+1.14%,0.5057,167,âś“ Yes,completed
4,458,435,01-01,+28.6%,+1.52%,0.5076,179,âś“ Yes,completed
4,458,439,01-01,+25.4%,+1.75%,0.5088,186,âś“ Yes,completed
4,458,443,01-01,+21.5%,+2.08%,0.5104,185,âś“ Yes,completed
4,458,447,01-01,+19.4%,+2.23%,0.5112,181,âś“ Yes,completed
4,458,451,01-01,+17.6%,+2.26%,0.5113,193,âś“ Yes,completed
4,458,455,01-01,+16.3%,+2.25%,0.5112,205,âś“ Yes,completed
4,458,458,01-01,+15.0%,+2.19%,0.5109,282,âś“ Yes,completed
4,462,432,01-01,+29.2%,+1.46%,0.5073,136,âś“ Yes,completed
4,462,435,01-01,+25.2%,+1.74%,0.5087,148,âś“ Yes,completed
4,462,439,01-01,+22.6%,+1.96%,0.5098,151,âś“ Yes,completed
4,462,443,01-01,+19.7%,+2.19%,0.5109,158,âś“ Yes,completed
4,462,447,01-01,+17.8%,+2.24%,0.5112,157,âś“ Yes,completed
4,462,451,01-01,+16.4%,+2.25%,0.5112,170,âś“ Yes,completed
4,462,454,01-01,+15.2%,+2.22%,0.5111,180,âś“ Yes,completed
4,462,458,01-01,+13.9%,+2.16%,0.5108,194,âś“ Yes,completed
4,462,462,01-01,+12.8%,+2.06%,0.5103,282,âś“ Yes,completed
4,466,432,01-01,+24.7%,+1.72%,0.5086,107,âś“ Yes,completed
4,466,435,01-01,+19.9%,+2.13%,0.5107,114,âś“ Yes,completed
4,466,439,01-01,+18.1%,+2.21%,0.5110,116,âś“ Yes,completed
4,466,443,01-01,+17.0%,+2.22%,0.5111,123,âś“ Yes,completed
4,466,447,01-01,+15.7%,+2.23%,0.5111,127,âś“ Yes,completed
4,466,450,01-01,+14.6%,+2.22%,0.5111,138,âś“ Yes,completed
4,466,454,01-01,+13.5%,+2.12%,0.5106,148,âś“ Yes,completed
4,466,458,01-01,+12.5%,+2.09%,0.5104,158,âś“ Yes,completed
4,466,462,01-01,+11.4%,+1.93%,0.5097,171,âś“ Yes,completed
4,466,466,01-01,+10.4%,+1.75%,0.5088,211,âś“ Yes,completed
4,469,432,01-01,+18.6%,+2.19%,0.5109,66,âś“ Yes,completed
4,469,435,01-01,+17.5%,+2.18%,0.5109,75,âś“ Yes,completed
4,469,438,01-01,+16.1%,+2.19%,0.5110,81,âś“ Yes,completed
4,469,442,01-01,+15.3%,+2.18%,0.5109,87,âś“ Yes,completed
4,469,445,01-01,+14.3%,+2.20%,0.5110,91,âś“ Yes,completed
4,469,449,01-01,+13.6%,+2.12%,0.5106,99,âś“ Yes,completed
4,469,452,01-01,+12.7%,+2.09%,0.5104,105,âś“ Yes,completed
4,469,455,01-01,+11.8%,+1.99%,0.5100,114,âś“ Yes,completed
4,469,459,01-01,+11.1%,+1.91%,0.5095,122,âś“ Yes,completed
4,469,462,01-01,+9.9%,+1.72%,0.5086,130,âś“ Yes,completed
4,469,466,01-01,+9.4%,+1.65%,0.5082,133,âś“ Yes,completed
4,469,469,01-01,+8.7%,+1.54%,0.5077,158,âś“ Yes,completed
4,473,432,01-01,+17.2%,+2.15%,0.5107,53,âś“ Yes,completed
4,473,435,01-01,+16.2%,+2.16%,0.5108,61,âś“ Yes,completed
4,473,438,01-01,+14.9%,+2.15%,0.5107,67,âś“ Yes,completed
4,473,442,01-01,+14.2%,+2.15%,0.5107,73,âś“ Yes,completed
4,473,445,01-01,+13.2%,+2.07%,0.5104,77,âś“ Yes,completed
4,473,449,01-01,+12.6%,+2.07%,0.5103,85,âś“ Yes,completed
4,473,452,01-01,+11.6%,+1.96%,0.5098,90,âś“ Yes,completed
4,473,456,01-01,+10.8%,+1.85%,0.5093,98,âś“ Yes,completed
4,473,459,01-01,+9.8%,+1.70%,0.5085,108,âś“ Yes,completed
4,473,462,01-01,+9.1%,+1.60%,0.5080,112,âś“ Yes,completed
4,473,466,01-01,+8.7%,+1.56%,0.5078,114,âś“ Yes,completed
4,473,469,01-01,+8.1%,+1.52%,0.5076,119,âś“ Yes,completed
4,473,473,01-01,+7.6%,+1.44%,0.5072,146,âś“ Yes,completed
4,476,432,01-01,+15.8%,+2.12%,0.5106,41,âś“ Yes,completed
4,476,435,01-01,+14.9%,+2.12%,0.5106,49,âś“ Yes,completed
4,476,438,01-01,+13.7%,+2.06%,0.5103,55,âś“ Yes,completed
4,476,442,01-01,+12.7%,+2.03%,0.5101,59,âś“ Yes,completed
4,476,445,01-01,+11.8%,+1.94%,0.5097,63,âś“ Yes,completed
4,476,449,01-01,+11.2%,+1.89%,0.5094,71,âś“ Yes,completed
4,476,452,01-01,+10.5%,+1.76%,0.5088,76,âś“ Yes,completed
4,476,456,01-01,+9.7%,+1.67%,0.5084,84,âś“ Yes,completed
4,476,459,01-01,+8.8%,+1.55%,0.5078,90,âś“ Yes,completed
4,476,463,01-01,+8.2%,+1.52%,0.5076,92,âś“ Yes,completed
4,476,466,01-01,+7.7%,+1.47%,0.5074,95,âś“ Yes,completed
4,476,469,01-01,+7.3%,+1.41%,0.5071,97,âś“ Yes,completed
4,476,473,01-01,+6.9%,+1.37%,0.5068,101,âś“ Yes,completed
4,476,476,01-01,+6.3%,+1.27%,0.5064,135,âś“ Yes,completed
4,480,432,01-01,+14.0%,+2.05%,0.5103,32,âś“ Yes,completed
4,480,435,01-01,+13.0%,+2.01%,0.5100,40,âś“ Yes,completed
4,480,438,01-01,+12.2%,+1.97%,0.5099,41,âś“ Yes,completed
4,480,442,01-01,+11.3%,+1.86%,0.5093,44,âś“ Yes,completed
4,480,445,01-01,+10.6%,+1.77%,0.5088,48,âś“ Yes,completed
4,480,449,01-01,+10.0%,+1.69%,0.5084,53,âś“ Yes,completed
4,480,452,01-01,+9.4%,+1.61%,0.5081,58,âś“ Yes,completed
4,480,456,01-01,+8.6%,+1.53%,0.5077,66,âś“ Yes,completed
4,480,459,01-01,+7.9%,+1.49%,0.5074,70,âś“ Yes,completed
4,480,463,01-01,+7.4%,+1.41%,0.5071,71,âś“ Yes,completed
4,480,466,01-01,+7.0%,+1.38%,0.5069,74,âś“ Yes,completed
4,480,470,01-01,+6.7%,+1.35%,0.5068,76,âś“ Yes,completed
4,480,473,01-01,+6.3%,+1.27%,0.5064,80,âś“ Yes,completed
4,480,476,01-01,+5.8%,+1.16%,0.5058,86,âś“ Yes,completed
4,480,480,01-01,+5.2%,+1.06%,0.5053,128,âś“ Yes,completed
5,451,443,01-01,+28.8%,+1.56%,0.5078,264,âś“ Yes,completed
5,451,445,01-01,+27.5%,+1.61%,0.5080,263,âś“ Yes,completed
5,451,447,01-01,+24.8%,+1.82%,0.5091,267,âś“ Yes,completed
5,451,449,01-01,+23.4%,+1.91%,0.5096,280,âś“ Yes,completed
5,451,451,01-01,+21.1%,+2.08%,0.5104,345,âś“ Yes,completed
5,453,443,01-01,+28.1%,+1.58%,0.5079,253,âś“ Yes,completed
5,453,445,01-01,+25.9%,+1.74%,0.5087,248,âś“ Yes,completed
5,453,447,01-01,+24.1%,+1.86%,0.5093,252,âś“ Yes,completed
5,453,449,01-01,+23.3%,+1.93%,0.5097,255,âś“ Yes,completed
5,453,451,01-01,+21.1%,+2.11%,0.5105,263,âś“ Yes,completed
5,453,453,01-01,+19.7%,+2.18%,0.5109,327,âś“ Yes,completed
5,454,443,01-01,+25.1%,+1.80%,0.5090,221,âś“ Yes,completed
5,454,445,01-01,+23.5%,+1.91%,0.5096,216,âś“ Yes,completed
5,454,447,01-01,+21.1%,+2.12%,0.5106,216,âś“ Yes,completed
5,454,449,01-01,+20.7%,+2.13%,0.5107,221,âś“ Yes,completed
5,454,451,01-01,+19.3%,+2.24%,0.5112,223,âś“ Yes,completed
5,454,452,01-01,+18.4%,+2.28%,0.5114,227,âś“ Yes,completed
5,454,454,01-01,+17.6%,+2.23%,0.5111,284,âś“ Yes,completed
5,456,443,01-01,+24.4%,+1.84%,0.5092,211,âś“ Yes,completed
5,456,445,01-01,+23.5%,+1.91%,0.5096,207,âś“ Yes,completed
5,456,447,01-01,+21.1%,+2.12%,0.5106,206,âś“ Yes,completed
5,456,448,01-01,+19.8%,+2.21%,0.5111,209,âś“ Yes,completed
5,456,450,01-01,+19.3%,+2.24%,0.5112,208,âś“ Yes,completed
5,456,451,01-01,+18.2%,+2.28%,0.5114,214,âś“ Yes,completed
5,456,453,01-01,+17.9%,+2.25%,0.5113,216,âś“ Yes,completed
5,456,454,01-01,+17.2%,+2.25%,0.5113,231,âś“ Yes,completed
5,456,456,01-01,+17.0%,+2.24%,0.5112,271,âś“ Yes,completed
5,458,443,01-01,+22.5%,+1.99%,0.5099,189,âś“ Yes,completed
5,458,445,01-01,+21.2%,+2.11%,0.5105,186,âś“ Yes,completed
5,458,447,01-01,+19.7%,+2.21%,0.5111,185,âś“ Yes,completed
5,458,448,01-01,+18.6%,+2.29%,0.5115,188,âś“ Yes,completed
5,458,450,01-01,+18.3%,+2.28%,0.5114,189,âś“ Yes,completed
5,458,451,01-01,+17.5%,+2.26%,0.5113,196,âś“ Yes,completed
5,458,453,01-01,+17.2%,+2.26%,0.5113,197,âś“ Yes,completed
5,458,454,01-01,+16.6%,+2.25%,0.5113,208,âś“ Yes,completed
5,458,456,01-01,+16.3%,+2.24%,0.5112,214,âś“ Yes,completed
5,458,458,01-01,+15.6%,+2.22%,0.5111,283,âś“ Yes,completed
5,459,443,01-01,+21.0%,+2.10%,0.5105,176,âś“ Yes,completed
5,459,445,01-01,+20.0%,+2.19%,0.5110,172,âś“ Yes,completed
5,459,447,01-01,+18.6%,+2.29%,0.5114,171,âś“ Yes,completed
5,459,448,01-01,+17.9%,+2.25%,0.5112,179,âś“ Yes,completed
5,459,450,01-01,+17.7%,+2.25%,0.5113,180,âś“ Yes,completed
5,459,451,01-01,+16.9%,+2.27%,0.5113,187,âś“ Yes,completed
5,459,453,01-01,+16.7%,+2.26%,0.5113,188,âś“ Yes,completed
5,459,454,01-01,+15.9%,+2.25%,0.5112,197,âś“ Yes,completed
5,459,456,01-01,+15.2%,+2.22%,0.5111,207,âś“ Yes,completed
5,459,458,01-01,+14.8%,+2.21%,0.5111,216,âś“ Yes,completed
5,459,459,01-01,+14.2%,+2.18%,0.5109,267,âś“ Yes,completed
5,461,443,01-01,+19.9%,+2.19%,0.5109,165,âś“ Yes,completed
5,461,445,01-01,+19.3%,+2.22%,0.5111,163,âś“ Yes,completed
5,461,447,01-01,+18.1%,+2.26%,0.5113,164,âś“ Yes,completed
5,461,448,01-01,+17.5%,+2.26%,0.5113,171,âś“ Yes,completed
5,461,450,01-01,+17.2%,+2.26%,0.5113,172,âś“ Yes,completed
5,461,451,01-01,+16.5%,+2.25%,0.5113,181,âś“ Yes,completed
5,461,453,01-01,+16.2%,+2.25%,0.5112,182,âś“ Yes,completed
5,461,454,01-01,+15.6%,+2.24%,0.5112,189,âś“ Yes,completed
5,461,456,01-01,+14.8%,+2.22%,0.5111,196,âś“ Yes,completed
5,461,458,01-01,+14.4%,+2.23%,0.5111,203,âś“ Yes,completed
5,461,459,01-01,+13.9%,+2.15%,0.5108,217,âś“ Yes,completed
5,461,461,01-01,+13.5%,+2.08%,0.5104,276,âś“ Yes,completed
5,462,443,01-01,+18.5%,+2.27%,0.5113,146,âś“ Yes,completed
5,462,445,01-01,+18.1%,+2.24%,0.5112,146,âś“ Yes,completed
5,462,447,01-01,+17.2%,+2.25%,0.5113,149,âś“ Yes,completed
5,462,448,01-01,+16.7%,+2.25%,0.5113,157,âś“ Yes,completed
5,462,450,01-01,+16.4%,+2.25%,0.5112,157,âś“ Yes,completed
5,462,451,01-01,+15.7%,+2.24%,0.5112,163,âś“ Yes,completed
5,462,453,01-01,+15.4%,+2.24%,0.5112,164,âś“ Yes,completed
5,462,454,01-01,+14.7%,+2.23%,0.5111,171,âś“ Yes,completed
5,462,456,01-01,+14.0%,+2.19%,0.5109,176,âś“ Yes,completed
5,462,458,01-01,+13.6%,+2.14%,0.5107,181,âś“ Yes,completed
5,462,459,01-01,+13.1%,+2.10%,0.5105,185,âś“ Yes,completed
5,462,461,01-01,+12.7%,+2.09%,0.5104,194,âś“ Yes,completed
5,462,462,01-01,+12.1%,+2.01%,0.5100,227,âś“ Yes,completed
5,464,443,01-01,+17.5%,+2.23%,0.5111,133,âś“ Yes,completed
5,464,445,01-01,+17.1%,+2.24%,0.5112,133,âś“ Yes,completed
5,464,447,01-01,+16.3%,+2.23%,0.5112,137,âś“ Yes,completed
5,464,448,01-01,+15.8%,+2.24%,0.5112,144,âś“ Yes,completed
5,464,450,01-01,+15.6%,+2.24%,0.5112,144,âś“ Yes,completed
5,464,451,01-01,+15.0%,+2.21%,0.5111,150,âś“ Yes,completed
5,464,453,01-01,+14.8%,+2.22%,0.5111,151,âś“ Yes,completed
5,464,455,01-01,+14.1%,+2.19%,0.5110,158,âś“ Yes,completed
5,464,456,01-01,+13.4%,+2.11%,0.5106,163,âś“ Yes,completed
5,464,458,01-01,+13.0%,+2.10%,0.5105,168,âś“ Yes,completed
5,464,459,01-01,+12.5%,+2.09%,0.5104,172,âś“ Yes,completed
5,464,461,01-01,+12.1%,+2.03%,0.5101,177,âś“ Yes,completed
5,464,462,01-01,+11.5%,+1.94%,0.5097,185,âś“ Yes,completed
5,464,464,01-01,+11.0%,+1.87%,0.5093,225,âś“ Yes,completed
5,466,443,01-01,+16.8%,+2.23%,0.5111,123,âś“ Yes,completed
5,466,445,01-01,+16.5%,+2.22%,0.5111,123,âś“ Yes,completed
5,466,447,01-01,+15.7%,+2.23%,0.5111,127,âś“ Yes,completed
5,466,448,01-01,+15.2%,+2.21%,0.5110,134,âś“ Yes,completed
5,466,450,01-01,+14.9%,+2.21%,0.5110,134,âś“ Yes,completed
5,466,451,01-01,+14.4%,+2.22%,0.5111,140,âś“ Yes,completed
5,466,453,01-01,+14.1%,+2.20%,0.5110,141,âś“ Yes,completed
5,466,455,01-01,+13.5%,+2.12%,0.5106,148,âś“ Yes,completed
5,466,456,01-01,+12.9%,+2.10%,0.5105,153,âś“ Yes,completed
5,466,458,01-01,+12.5%,+2.09%,0.5104,158,âś“ Yes,completed
5,466,459,01-01,+12.1%,+2.03%,0.5101,162,âś“ Yes,completed
5,466,461,01-01,+11.7%,+1.97%,0.5098,167,âś“ Yes,completed
5,466,462,01-01,+11.1%,+1.91%,0.5095,172,âś“ Yes,completed
5,466,464,01-01,+10.7%,+1.81%,0.5090,181,âś“ Yes,completed
5,466,466,01-01,+10.4%,+1.75%,0.5088,211,âś“ Yes,completed
6,454,445,01-01,+24.5%,+1.84%,0.5092,218,âś“ Yes,completed
6,454,446,01-01,+23.5%,+1.91%,0.5096,216,âś“ Yes,completed
6,454,446,01-01,+22.4%,+2.01%,0.5100,214,âś“ Yes,completed
6,454,447,01-01,+21.1%,+2.12%,0.5106,216,âś“ Yes,completed
6,454,448,01-01,+21.1%,+2.12%,0.5106,216,âś“ Yes,completed
6,454,448,01-01,+20.7%,+2.13%,0.5107,221,âś“ Yes,completed
6,454,449,01-01,+19.9%,+2.20%,0.5110,218,âś“ Yes,completed
6,454,450,01-01,+19.9%,+2.20%,0.5110,218,âś“ Yes,completed
6,454,451,01-01,+19.3%,+2.24%,0.5112,223,âś“ Yes,completed
6,454,451,01-01,+18.6%,+2.29%,0.5114,224,âś“ Yes,completed
6,454,452,01-01,+18.4%,+2.28%,0.5114,227,âś“ Yes,completed
6,454,453,01-01,+18.4%,+2.28%,0.5114,227,âś“ Yes,completed
6,454,454,01-01,+18.0%,+2.25%,0.5113,239,âś“ Yes,completed
6,454,454,01-01,+17.6%,+2.23%,0.5111,284,âś“ Yes,completed
6,455,445,01-01,+23.5%,+1.91%,0.5096,207,âś“ Yes,completed
6,455,446,01-01,+22.3%,+2.01%,0.5100,205,âś“ Yes,completed
6,455,446,01-01,+21.1%,+2.12%,0.5106,206,âś“ Yes,completed
6,455,447,01-01,+21.1%,+2.12%,0.5106,206,âś“ Yes,completed
6,455,448,01-01,+20.2%,+2.18%,0.5109,204,âś“ Yes,completed
6,455,448,01-01,+19.8%,+2.21%,0.5111,209,âś“ Yes,completed
6,455,449,01-01,+19.8%,+2.21%,0.5111,209,âś“ Yes,completed
6,455,450,01-01,+19.3%,+2.24%,0.5112,208,âś“ Yes,completed
6,455,450,01-01,+18.5%,+2.29%,0.5115,212,âś“ Yes,completed
6,455,451,01-01,+18.2%,+2.28%,0.5114,214,âś“ Yes,completed
6,455,452,01-01,+18.2%,+2.28%,0.5114,214,âś“ Yes,completed
6,455,452,01-01,+17.9%,+2.25%,0.5113,216,âś“ Yes,completed
6,455,453,01-01,+17.6%,+2.25%,0.5113,220,âś“ Yes,completed
6,455,454,01-01,+17.6%,+2.25%,0.5113,220,âś“ Yes,completed
6,455,455,01-01,+17.2%,+2.25%,0.5113,231,âś“ Yes,completed
6,455,455,01-01,+17.0%,+2.24%,0.5112,271,âś“ Yes,completed
6,456,445,01-01,+22.4%,+2.00%,0.5100,193,âś“ Yes,completed
6,456,446,01-01,+21.1%,+2.12%,0.5106,194,âś“ Yes,completed
6,456,446,01-01,+20.4%,+2.16%,0.5108,193,âś“ Yes,completed
6,456,447,01-01,+20.4%,+2.16%,0.5108,193,âś“ Yes,completed
6,456,448,01-01,+19.7%,+2.21%,0.5111,193,âś“ Yes,completed
6,456,448,01-01,+19.3%,+2.24%,0.5112,198,âś“ Yes,completed
6,456,449,01-01,+18.6%,+2.29%,0.5115,196,âś“ Yes,completed
6,456,450,01-01,+18.6%,+2.29%,0.5115,196,âś“ Yes,completed
6,456,451,01-01,+18.2%,+2.28%,0.5114,203,âś“ Yes,completed
6,456,451,01-01,+17.9%,+2.25%,0.5112,205,âś“ Yes,completed
6,456,452,01-01,+17.9%,+2.25%,0.5112,205,âś“ Yes,completed
6,456,453,01-01,+17.6%,+2.26%,0.5113,205,âś“ Yes,completed
6,456,453,01-01,+17.2%,+2.26%,0.5113,208,âś“ Yes,completed
6,456,454,01-01,+16.9%,+2.26%,0.5113,219,âś“ Yes,completed
6,456,455,01-01,+16.9%,+2.26%,0.5113,219,âś“ Yes,completed
6,456,456,01-01,+16.7%,+2.25%,0.5113,229,âś“ Yes,completed
6,456,456,01-01,+16.4%,+2.22%,0.5111,275,âś“ Yes,completed
6,457,445,01-01,+21.2%,+2.11%,0.5105,186,âś“ Yes,completed
6,457,446,01-01,+20.4%,+2.16%,0.5108,185,âś“ Yes,completed
6,457,446,01-01,+19.7%,+2.21%,0.5111,185,âś“ Yes,completed
6,457,447,01-01,+19.7%,+2.21%,0.5111,185,âś“ Yes,completed
6,457,448,01-01,+19.1%,+2.26%,0.5113,184,âś“ Yes,completed
6,457,448,01-01,+18.6%,+2.29%,0.5115,188,âś“ Yes,completed
6,457,449,01-01,+18.6%,+2.29%,0.5115,188,âś“ Yes,completed
6,457,450,01-01,+18.3%,+2.28%,0.5114,189,âś“ Yes,completed
6,457,450,01-01,+17.8%,+2.25%,0.5112,196,âś“ Yes,completed
6,457,451,01-01,+17.5%,+2.26%,0.5113,196,âś“ Yes,completed
6,457,452,01-01,+17.5%,+2.26%,0.5113,196,âś“ Yes,completed
6,457,452,01-01,+17.2%,+2.26%,0.5113,197,âś“ Yes,completed
6,457,453,01-01,+16.9%,+2.27%,0.5113,201,âś“ Yes,completed
6,457,454,01-01,+16.9%,+2.27%,0.5113,201,âś“ Yes,completed
6,457,455,01-01,+16.6%,+2.25%,0.5113,208,âś“ Yes,completed
6,457,455,01-01,+16.3%,+2.24%,0.5112,214,âś“ Yes,completed
6,457,456,01-01,+16.3%,+2.24%,0.5112,214,âś“ Yes,completed
6,457,457,01-01,+16.0%,+2.24%,0.5112,234,âś“ Yes,completed
6,457,457,01-01,+15.6%,+2.22%,0.5111,283,âś“ Yes,completed
6,458,445,01-01,+21.0%,+2.11%,0.5105,184,âś“ Yes,completed
6,458,446,01-01,+19.9%,+2.20%,0.5110,181,âś“ Yes,completed
6,458,446,01-01,+19.4%,+2.23%,0.5112,181,âś“ Yes,completed
6,458,447,01-01,+19.4%,+2.23%,0.5112,181,âś“ Yes,completed
6,458,448,01-01,+18.6%,+2.29%,0.5115,180,âś“ Yes,completed
6,458,448,01-01,+18.3%,+2.28%,0.5114,186,âś“ Yes,completed
6,458,449,01-01,+18.0%,+2.26%,0.5113,187,âś“ Yes,completed
6,458,450,01-01,+18.0%,+2.26%,0.5113,187,âś“ Yes,completed
6,458,450,01-01,+17.6%,+2.26%,0.5113,193,âś“ Yes,completed
6,458,451,01-01,+17.3%,+2.26%,0.5113,194,âś“ Yes,completed
6,458,452,01-01,+17.3%,+2.26%,0.5113,194,âś“ Yes,completed
6,458,453,01-01,+17.0%,+2.26%,0.5113,195,âś“ Yes,completed
6,458,453,01-01,+16.7%,+2.26%,0.5113,199,âś“ Yes,completed
6,458,454,01-01,+16.3%,+2.25%,0.5112,205,âś“ Yes,completed
6,458,455,01-01,+16.3%,+2.25%,0.5112,205,âś“ Yes,completed
6,458,455,01-01,+16.1%,+2.25%,0.5112,208,âś“ Yes,completed
6,458,456,01-01,+15.6%,+2.24%,0.5112,221,âś“ Yes,completed
6,458,457,01-01,+15.6%,+2.24%,0.5112,221,âś“ Yes,completed
6,458,458,01-01,+15.3%,+2.21%,0.5110,235,âś“ Yes,completed
6,458,458,01-01,+15.0%,+2.19%,0.5109,282,âś“ Yes,completed
6,459,445,01-01,+20.0%,+2.19%,0.5110,172,âś“ Yes,completed
6,459,446,01-01,+19.4%,+2.23%,0.5111,172,âś“ Yes,completed
6,459,446,01-01,+18.6%,+2.29%,0.5114,171,âś“ Yes,completed
6,459,447,01-01,+18.6%,+2.29%,0.5114,171,âś“ Yes,completed
6,459,448,01-01,+18.2%,+2.28%,0.5114,173,âś“ Yes,completed
6,459,448,01-01,+17.9%,+2.25%,0.5112,179,âś“ Yes,completed
6,459,449,01-01,+17.9%,+2.25%,0.5112,179,âś“ Yes,completed
6,459,450,01-01,+17.7%,+2.25%,0.5113,180,âś“ Yes,completed
6,459,450,01-01,+17.2%,+2.26%,0.5113,185,âś“ Yes,completed
6,459,451,01-01,+16.9%,+2.27%,0.5113,187,âś“ Yes,completed
6,459,452,01-01,+16.9%,+2.27%,0.5113,187,âś“ Yes,completed
6,459,452,01-01,+16.7%,+2.26%,0.5113,188,âś“ Yes,completed
6,459,453,01-01,+16.3%,+2.25%,0.5112,192,âś“ Yes,completed
6,459,454,01-01,+16.3%,+2.25%,0.5112,192,âś“ Yes,completed
6,459,454,01-01,+15.9%,+2.25%,0.5112,197,âś“ Yes,completed
6,459,455,01-01,+15.6%,+2.24%,0.5112,200,âś“ Yes,completed
6,459,456,01-01,+15.6%,+2.24%,0.5112,200,âś“ Yes,completed
6,459,457,01-01,+15.2%,+2.22%,0.5111,207,âś“ Yes,completed
6,459,457,01-01,+14.8%,+2.21%,0.5111,216,âś“ Yes,completed
6,459,458,01-01,+14.8%,+2.21%,0.5111,216,âś“ Yes,completed
6,459,459,01-01,+14.5%,+2.22%,0.5111,228,âś“ Yes,completed
6,459,459,01-01,+14.2%,+2.18%,0.5109,267,âś“ Yes,completed
6,460,445,01-01,+19.3%,+2.22%,0.5111,163,âś“ Yes,completed
6,460,446,01-01,+18.5%,+2.28%,0.5114,162,âś“ Yes,completed
6,460,446,01-01,+18.1%,+2.26%,0.5113,164,âś“ Yes,completed
6,460,447,01-01,+18.1%,+2.26%,0.5113,164,âś“ Yes,completed
6,460,448,01-01,+17.8%,+2.24%,0.5112,166,âś“ Yes,completed
6,460,448,01-01,+17.5%,+2.26%,0.5113,171,âś“ Yes,completed
6,460,449,01-01,+17.5%,+2.26%,0.5113,171,âś“ Yes,completed
6,460,450,01-01,+17.2%,+2.26%,0.5113,172,âś“ Yes,completed
6,460,450,01-01,+16.8%,+2.26%,0.5113,179,âś“ Yes,completed
6,460,451,01-01,+16.8%,+2.26%,0.5113,179,âś“ Yes,completed
6,460,452,01-01,+16.5%,+2.25%,0.5113,181,âś“ Yes,completed
6,460,452,01-01,+16.2%,+2.25%,0.5112,182,âś“ Yes,completed
6,460,453,01-01,+16.2%,+2.25%,0.5112,182,âś“ Yes,completed
6,460,454,01-01,+16.0%,+2.25%,0.5112,184,âś“ Yes,completed
6,460,454,01-01,+15.6%,+2.24%,0.5112,189,âś“ Yes,completed
6,460,455,01-01,+15.6%,+2.24%,0.5112,189,âś“ Yes,completed
6,460,456,01-01,+15.3%,+2.22%,0.5111,192,âś“ Yes,completed
6,460,456,01-01,+14.8%,+2.22%,0.5111,196,âś“ Yes,completed
6,460,457,01-01,+14.8%,+2.22%,0.5111,196,âś“ Yes,completed
6,460,458,01-01,+14.4%,+2.23%,0.5111,203,âś“ Yes,completed
6,460,458,01-01,+14.2%,+2.21%,0.5111,207,âś“ Yes,completed
6,460,459,01-01,+14.2%,+2.21%,0.5111,207,âś“ Yes,completed
6,460,460,01-01,+13.9%,+2.15%,0.5108,217,âś“ Yes,completed
6,460,460,01-01,+13.5%,+2.08%,0.5104,276,âś“ Yes,completed
7,455,448,01-01,+20.7%,+2.13%,0.5107,221,âś“ Yes,completed
7,455,449,01-01,+20.7%,+2.13%,0.5107,221,âś“ Yes,completed
7,455,449,01-01,+20.7%,+2.13%,0.5107,221,âś“ Yes,completed
7,455,449,01-01,+19.9%,+2.20%,0.5110,218,âś“ Yes,completed
7,455,450,01-01,+19.9%,+2.20%,0.5110,218,âś“ Yes,completed
7,455,450,01-01,+19.9%,+2.20%,0.5110,218,âś“ Yes,completed
7,455,450,01-01,+19.3%,+2.24%,0.5112,223,âś“ Yes,completed
7,455,451,01-01,+19.3%,+2.24%,0.5112,223,âś“ Yes,completed
7,455,451,01-01,+19.3%,+2.24%,0.5112,223,âś“ Yes,completed
7,455,451,01-01,+18.6%,+2.29%,0.5114,224,âś“ Yes,completed
7,455,452,01-01,+18.6%,+2.29%,0.5114,224,âś“ Yes,completed
7,455,452,01-01,+18.6%,+2.29%,0.5114,224,âś“ Yes,completed
7,455,452,01-01,+18.4%,+2.28%,0.5114,227,âś“ Yes,completed
7,455,453,01-01,+18.4%,+2.28%,0.5114,227,âś“ Yes,completed
7,455,453,01-01,+18.4%,+2.28%,0.5114,227,âś“ Yes,completed
7,455,453,01-01,+18.0%,+2.25%,0.5113,239,âś“ Yes,completed
7,455,453,01-01,+18.0%,+2.25%,0.5113,239,âś“ Yes,completed
7,455,454,01-01,+18.0%,+2.25%,0.5113,239,âś“ Yes,completed
7,455,454,01-01,+17.6%,+2.23%,0.5111,284,âś“ Yes,completed
7,455,454,01-01,+17.6%,+2.23%,0.5111,284,âś“ Yes,completed
7,455,455,01-01,+17.6%,+2.23%,0.5111,284,âś“ Yes,completed
7,456,448,01-01,+19.8%,+2.21%,0.5111,209,âś“ Yes,completed
7,456,449,01-01,+19.8%,+2.21%,0.5111,209,âś“ Yes,completed
7,456,449,01-01,+19.8%,+2.21%,0.5111,209,âś“ Yes,completed
7,456,449,01-01,+19.3%,+2.24%,0.5112,208,âś“ Yes,completed
7,456,450,01-01,+19.3%,+2.24%,0.5112,208,âś“ Yes,completed
7,456,450,01-01,+19.3%,+2.24%,0.5112,208,âś“ Yes,completed
7,456,450,01-01,+18.5%,+2.29%,0.5115,212,âś“ Yes,completed
7,456,451,01-01,+18.5%,+2.29%,0.5115,212,âś“ Yes,completed
7,456,451,01-01,+18.5%,+2.29%,0.5115,212,âś“ Yes,completed
7,456,451,01-01,+18.2%,+2.28%,0.5114,214,âś“ Yes,completed
7,456,451,01-01,+18.2%,+2.28%,0.5114,214,âś“ Yes,completed
7,456,452,01-01,+18.2%,+2.28%,0.5114,214,âś“ Yes,completed
7,456,452,01-01,+17.9%,+2.25%,0.5113,216,âś“ Yes,completed
7,456,452,01-01,+17.9%,+2.25%,0.5113,216,âś“ Yes,completed
7,456,453,01-01,+17.9%,+2.25%,0.5113,216,âś“ Yes,completed
7,456,453,01-01,+17.9%,+2.25%,0.5113,216,âś“ Yes,completed
7,456,453,01-01,+17.6%,+2.25%,0.5113,220,âś“ Yes,completed
7,456,454,01-01,+17.6%,+2.25%,0.5113,220,âś“ Yes,completed
7,456,454,01-01,+17.6%,+2.25%,0.5113,220,âś“ Yes,completed
7,456,454,01-01,+17.2%,+2.25%,0.5113,231,âś“ Yes,completed
7,456,455,01-01,+17.2%,+2.25%,0.5113,231,âś“ Yes,completed
7,456,455,01-01,+17.2%,+2.25%,0.5113,231,âś“ Yes,completed
7,456,455,01-01,+17.0%,+2.24%,0.5112,271,âś“ Yes,completed
7,456,455,01-01,+17.0%,+2.24%,0.5112,271,âś“ Yes,completed
7,456,456,01-01,+17.0%,+2.24%,0.5112,271,âś“ Yes,completed
7,457,448,01-01,+19.3%,+2.24%,0.5112,198,âś“ Yes,completed
7,457,449,01-01,+19.3%,+2.24%,0.5112,198,âś“ Yes,completed
7,457,449,01-01,+19.3%,+2.24%,0.5112,198,âś“ Yes,completed
7,457,449,01-01,+18.6%,+2.29%,0.5115,196,âś“ Yes,completed
7,457,450,01-01,+18.6%,+2.29%,0.5115,196,âś“ Yes,completed
7,457,450,01-01,+18.6%,+2.29%,0.5115,196,âś“ Yes,completed
7,457,450,01-01,+18.2%,+2.28%,0.5114,203,âś“ Yes,completed
7,457,451,01-01,+18.2%,+2.28%,0.5114,203,âś“ Yes,completed
7,457,451,01-01,+18.2%,+2.28%,0.5114,203,âś“ Yes,completed
7,457,451,01-01,+17.9%,+2.25%,0.5112,205,âś“ Yes,completed
7,457,451,01-01,+17.9%,+2.25%,0.5112,205,âś“ Yes,completed
7,457,452,01-01,+17.9%,+2.25%,0.5112,205,âś“ Yes,completed
7,457,452,01-01,+17.6%,+2.26%,0.5113,205,âś“ Yes,completed
7,457,452,01-01,+17.6%,+2.26%,0.5113,205,âś“ Yes,completed
7,457,453,01-01,+17.6%,+2.26%,0.5113,205,âś“ Yes,completed
7,457,453,01-01,+17.2%,+2.26%,0.5113,208,âś“ Yes,completed
7,457,453,01-01,+17.2%,+2.26%,0.5113,208,âś“ Yes,completed
7,457,454,01-01,+17.2%,+2.26%,0.5113,208,âś“ Yes,completed
7,457,454,01-01,+17.2%,+2.26%,0.5113,208,âś“ Yes,completed
7,457,454,01-01,+16.9%,+2.26%,0.5113,219,âś“ Yes,completed
7,457,455,01-01,+16.9%,+2.26%,0.5113,219,âś“ Yes,completed
7,457,455,01-01,+16.9%,+2.26%,0.5113,219,âś“ Yes,completed
7,457,455,01-01,+16.7%,+2.25%,0.5113,229,âś“ Yes,completed
7,457,456,01-01,+16.7%,+2.25%,0.5113,229,âś“ Yes,completed
7,457,456,01-01,+16.7%,+2.25%,0.5113,229,âś“ Yes,completed
7,457,456,01-01,+16.4%,+2.22%,0.5111,275,âś“ Yes,completed
7,457,456,01-01,+16.4%,+2.22%,0.5111,275,âś“ Yes,completed
7,457,457,01-01,+16.4%,+2.22%,0.5111,275,âś“ Yes,completed
8,456,449,01-01,+19.3%,+2.24%,0.5112,208,âś“ Yes,completed
8,456,449,01-01,+19.3%,+2.24%,0.5112,208,âś“ Yes,completed
8,456,450,01-01,+19.3%,+2.24%,0.5112,208,âś“ Yes,completed
8,456,450,01-01,+18.5%,+2.29%,0.5115,212,âś“ Yes,completed
8,456,450,01-01,+18.5%,+2.29%,0.5115,212,âś“ Yes,completed
8,456,451,01-01,+18.5%,+2.29%,0.5115,212,âś“ Yes,completed
8,456,451,01-01,+18.2%,+2.28%,0.5114,214,âś“ Yes,completed
8,456,451,01-01,+18.2%,+2.28%,0.5114,214,âś“ Yes,completed
8,456,452,01-01,+18.2%,+2.28%,0.5114,214,âś“ Yes,completed
8,456,452,01-01,+17.9%,+2.25%,0.5113,216,âś“ Yes,completed
8,456,452,01-01,+17.9%,+2.25%,0.5113,216,âś“ Yes,completed
8,456,453,01-01,+17.9%,+2.25%,0.5113,216,âś“ Yes,completed
8,456,453,01-01,+17.6%,+2.25%,0.5113,220,âś“ Yes,completed
8,456,453,01-01,+17.6%,+2.25%,0.5113,220,âś“ Yes,completed
8,456,454,01-01,+17.6%,+2.25%,0.5113,220,âś“ Yes,completed
8,456,454,01-01,+17.6%,+2.25%,0.5113,220,âś“ Yes,completed
8,456,454,01-01,+17.2%,+2.25%,0.5113,231,âś“ Yes,completed
8,456,455,01-01,+17.2%,+2.25%,0.5113,231,âś“ Yes,completed
8,456,455,01-01,+17.2%,+2.25%,0.5113,231,âś“ Yes,completed
8,456,455,01-01,+17.0%,+2.24%,0.5112,271,âś“ Yes,completed
8,456,456,01-01,+17.0%,+2.24%,0.5112,271,âś“ Yes,completed
8,457,449,01-01,+18.6%,+2.29%,0.5115,196,âś“ Yes,completed
8,457,449,01-01,+18.6%,+2.29%,0.5115,196,âś“ Yes,completed
8,457,450,01-01,+18.6%,+2.29%,0.5115,196,âś“ Yes,completed
8,457,450,01-01,+18.2%,+2.28%,0.5114,203,âś“ Yes,completed
8,457,450,01-01,+18.2%,+2.28%,0.5114,203,âś“ Yes,completed
8,457,451,01-01,+18.2%,+2.28%,0.5114,203,âś“ Yes,completed
8,457,451,01-01,+17.9%,+2.25%,0.5112,205,âś“ Yes,completed
8,457,451,01-01,+17.9%,+2.25%,0.5112,205,âś“ Yes,completed
8,457,452,01-01,+17.9%,+2.25%,0.5112,205,âś“ Yes,completed
8,457,452,01-01,+17.9%,+2.25%,0.5112,205,âś“ Yes,completed
8,457,452,01-01,+17.6%,+2.26%,0.5113,205,âś“ Yes,completed
8,457,453,01-01,+17.6%,+2.26%,0.5113,205,âś“ Yes,completed
8,457,453,01-01,+17.6%,+2.26%,0.5113,205,âś“ Yes,completed
8,457,453,01-01,+17.2%,+2.26%,0.5113,208,âś“ Yes,completed
8,457,453,01-01,+17.2%,+2.26%,0.5113,208,âś“ Yes,completed
8,457,454,01-01,+17.2%,+2.26%,0.5113,208,âś“ Yes,completed
8,457,454,01-01,+16.9%,+2.26%,0.5113,219,âś“ Yes,completed
8,457,454,01-01,+16.9%,+2.26%,0.5113,219,âś“ Yes,completed
8,457,455,01-01,+16.9%,+2.26%,0.5113,219,âś“ Yes,completed
8,457,455,01-01,+16.7%,+2.25%,0.5113,229,âś“ Yes,completed
8,457,455,01-01,+16.7%,+2.25%,0.5113,229,âś“ Yes,completed
8,457,456,01-01,+16.7%,+2.25%,0.5113,229,âś“ Yes,completed
8,457,456,01-01,+16.7%,+2.25%,0.5113,229,âś“ Yes,completed
8,457,456,01-01,+16.4%,+2.22%,0.5111,275,âś“ Yes,completed
8,457,457,01-01,+16.4%,+2.22%,0.5111,275,âś“ Yes,completed
9,456,450,01-01,+19.3%,+2.24%,0.5112,208,âś“ Yes,completed
9,456,450,01-01,+19.3%,+2.24%,0.5112,208,âś“ Yes,completed
9,456,450,01-01,+18.5%,+2.29%,0.5115,212,âś“ Yes,completed
9,456,450,01-01,+18.5%,+2.29%,0.5115,212,âś“ Yes,completed
9,456,451,01-01,+18.5%,+2.29%,0.5115,212,âś“ Yes,completed
9,456,451,01-01,+18.2%,+2.28%,0.5114,214,âś“ Yes,completed
9,456,451,01-01,+18.2%,+2.28%,0.5114,214,âś“ Yes,completed
9,456,452,01-01,+18.2%,+2.28%,0.5114,214,âś“ Yes,completed
9,456,452,01-01,+17.9%,+2.25%,0.5113,216,âś“ Yes,completed
9,456,452,01-01,+17.9%,+2.25%,0.5113,216,âś“ Yes,completed
9,456,453,01-01,+17.9%,+2.25%,0.5113,216,âś“ Yes,completed
9,456,453,01-01,+17.6%,+2.25%,0.5113,220,âś“ Yes,completed
9,456,453,01-01,+17.6%,+2.25%,0.5113,220,âś“ Yes,completed
9,456,454,01-01,+17.6%,+2.25%,0.5113,220,âś“ Yes,completed
9,456,454,01-01,+17.2%,+2.25%,0.5113,231,âś“ Yes,completed
9,456,454,01-01,+17.2%,+2.25%,0.5113,231,âś“ Yes,completed
9,456,455,01-01,+17.2%,+2.25%,0.5113,231,âś“ Yes,completed
9,456,455,01-01,+17.2%,+2.25%,0.5113,231,âś“ Yes,completed
9,456,455,01-01,+17.0%,+2.24%,0.5112,271,âś“ Yes,completed
9,456,456,01-01,+17.0%,+2.24%,0.5112,271,âś“ Yes,completed
9,456,456,01-01,+17.0%,+2.24%,0.5112,271,âś“ Yes,completed
